Name,ID,Status,Parent,All Parents,Location,Parent Location,All Parent Locations,Types,URL,Description,Barcode,Year,Teams in Charge,Vendors,Created by,Created on,Last updated,Thumbnail,Criticality,Location Address,Attachments,Serial Number,Manufacturer,Model
Renew Air Energy Recovery Ventilator #1,7666870,Online,,,General,,,,https://app.getmaintainx.com/assets/7666870?organizationId=342508,,2D84VZ4L4KC,2023,,,Daniel Crawford,2024-12-06 12:17:10,2024-12-06 12:17:10,,Important,,,J1955026,Renew Aire,Ev Premium L
Composting Toilet,7699100,Online,,,Farmhouse,Hudson NY,Hudson NY,,https://app.getmaintainx.com/assets/7699100?organizationId=342508,Clivusmultrum Toilet Farmhouse,1FWTWA4FH2Q4K,,,,Daniel Crawford,2024-12-09 14:30:31,2024-12-09 14:30:31,https://app.getmaintainx.com/api/s3/uploads/283d1a1f-3d2d-4eaf-bd62-639e91cf7ed2_camera.jpg,,67 Pinewood Rd Hudson NY,https://app.getmaintainx.com/api/s3/uploads/283d1a1f-3d2d-4eaf-bd62-639e91cf7ed2_camera.jpg,,,
Willows Air Hash Lab,7738793,Online,,,Hash Lab,,,,https://app.getmaintainx.com/assets/7738793?organizationId=342508,,QB5I28I2VV2S,,,,Daniel Crawford,2024-12-12 12:02:54,2024-12-12 12:02:55,https://app.getmaintainx.com/api/s3/uploads/9950e7a7-49de-4e10-a332-e85bf783008f_camera.jpg,,,https://app.getmaintainx.com/api/s3/uploads/9950e7a7-49de-4e10-a332-e85bf783008f_camera.jpg,,,
Renew Air Energy Recovery Ventilator #1,7741198,Online,,,Dry Room 1,,,Equipment,https://app.getmaintainx.com/assets/7741198?organizationId=342508,Renew Aire Ev Premium L in Dry Room 1,,,,,Daniel Crawford,2024-12-12 15:18:59,2024-12-12 15:18:59,,,,,,Hudson Cannabis,Ev Premium L
Renew Air Energy Recovery Ventilator #2,7741199,Online,,,Dry Room 1,,,Equipment,https://app.getmaintainx.com/assets/7741199?organizationId=342508,Renew Aire Ev Premium L in Dry Room 1,,,,,Daniel Crawford,2024-12-12 15:18:59,2024-12-12 15:18:59,,,,,,Hudson Cannabis,Ev Premium L
Mitshubishi Air Handler #1,7741200,Online,,,Dry Room 1,,,Equipment,https://app.getmaintainx.com/assets/7741200?organizationId=342508,Mitsubishi PVA-A24A77 in Dry Room 1,,,,,Daniel Crawford,2024-12-12 15:18:59,2024-12-12 15:18:59,,,,,,Hudson Cannabis,PVA-A24A77
Mitshubishi Air Handler #2,7741201,Online,,,Dry Room 1,,,Equipment,https://app.getmaintainx.com/assets/7741201?organizationId=342508,Mitsubishi PVA-A24A77 in Dry Room 1,,,,,Daniel Crawford,2024-12-12 15:18:59,2024-12-12 15:18:59,,,,,,Hudson Cannabis,PVA-A24A77
Quest Dehumidier #1,7741202,Online,,,Dry Room 1,,,Equipment,https://app.getmaintainx.com/assets/7741202?organizationId=342508,Quest 506 in Dry Room 1,,,,,Daniel Crawford,2024-12-12 15:18:59,2024-12-12 15:18:59,,,,,J1955026,Hudson Cannabis,Quest 506
Quest Dehumidier #2,7741203,Online,,,Dry Room 1,,,Equipment,https://app.getmaintainx.com/assets/7741203?organizationId=342508,Quest 506 in Dry Room 1,,,,,Daniel Crawford,2024-12-12 15:18:59,2024-12-12 15:18:59,,,,,H1877126,Hudson Cannabis,Quest 506
Mobius Trimmer ID#2,7741207,Online,,,Processing,Hudson NY,Hudson NY,Equipment,https://app.getmaintainx.com/assets/7741207?organizationId=342508,Mobius Trimmer in Processing,,,,,Daniel Crawford,2024-12-12 15:18:59,2025-04-02 13:21:53,https://app.getmaintainx.com/api/s3/uploads/58012ac4-952e-454a-9618-5d14c4046e09_camera.jpg,,,"https://app.getmaintainx.com/api/s3/uploads/58012ac4-952e-454a-9618-5d14c4046e09_camera.jpg,https://app.getmaintainx.com/api/s3/uploads/566043d8-07fb-4b8b-9dae-1c3d3bd8084c_photo.jpeg,https://app.getmaintainx.com/api/s3/uploads/03039832-7868-4b1f-9d9d-cb13358c88ff_photo2.jpeg",,Hudson Cannabis,Trimmer
Mobius Sorter ID#3,7741208,Online,,,Processing,Hudson NY,Hudson NY,Equipment,https://app.getmaintainx.com/assets/7741208?organizationId=342508,Mobius Sorter in Processing,,,,,Daniel Crawford,2024-12-12 15:18:59,2025-04-02 13:21:38,https://app.getmaintainx.com/api/s3/uploads/dca7d67f-f7af-4763-b069-99326dd0596a_photo.jpeg,,,https://app.getmaintainx.com/api/s3/uploads/dca7d67f-f7af-4763-b069-99326dd0596a_photo.jpeg,,Hudson Cannabis,Sorter
KT4000 Dry Sift Extractor,7741211,Online,,,Hash Lab,,,Equipment,https://app.getmaintainx.com/assets/7741211?organizationId=342508,KT4000 Dry Sift Extractor in Hash Lab,,,,,Daniel Crawford,2024-12-12 15:18:59,2024-12-12 15:18:59,,,,,,Hudson Cannabis,KT4000 Dry Sift Extractor
Rosin Press,7741212,Online,,,Hash Lab,,,Equipment,https://app.getmaintainx.com/assets/7741212?organizationId=342508,Lowtemp Plates in Hash Lab,,,,,Daniel Crawford,2024-12-12 15:18:59,2024-12-12 15:18:59,,,,,,Hudson Cannabis,Lowtemp Plates
Cold Plasma Trichome Separation,7741213,Online,,,Hash Lab,,,Equipment,https://app.getmaintainx.com/assets/7741213?organizationId=342508,Sambo Creek in Hash Lab,,,,,Daniel Crawford,2024-12-12 15:18:59,2024-12-12 15:18:59,,,,,,Hudson Cannabis,Sambo Creek
Manual Top Discharge Centrifuge (CERES),7741214,Online,,,Extraction Lab,,,Manual Top Discharge Centrifuge (CERES) in Extraction Lab,https://app.getmaintainx.com/assets/7741214?organizationId=342508,,,,,,Daniel Crawford,2024-12-12 15:18:59,2024-12-12 15:18:59,,,,,,Hudson Cannabis,Equipment
Water Cooled Chiller,7741215,Online,,,Extraction Lab,,,Equipment,https://app.getmaintainx.com/assets/7741215?organizationId=342508,Water Cooled Chiller in Extraction Lab,,,,,Daniel Crawford,2024-12-12 15:18:59,2024-12-12 15:18:59,,,,,,,
Ethanol Liquid Chiller,7741216,Online,,,Extraction Lab,,,Equipment,https://app.getmaintainx.com/assets/7741216?organizationId=342508,Ethanol Liquid Chiller in Extraction Lab,,,,,Daniel Crawford,2024-12-12 15:18:59,2024-12-12 15:18:59,,,,,,,
Falling Film Evaporator,7741217,Online,,,Extraction Lab,,,Equipment,https://app.getmaintainx.com/assets/7741217?organizationId=342508,Falling Film Evaporator in Extraction Lab,,,,,Daniel Crawford,2024-12-12 15:18:59,2024-12-12 15:18:59,,,,,,,
Electric Boiler,7741218,Online,,,Extraction Lab,,,Equipment,https://app.getmaintainx.com/assets/7741218?organizationId=342508,Electric Boiler in Extraction Lab,,,,,Daniel Crawford,2024-12-12 15:18:59,2024-12-12 15:18:59,,,,,,,
Vacuum Pump,7741219,Online,,,Extraction Lab,,,Equipment,https://app.getmaintainx.com/assets/7741219?organizationId=342508,Vacuum Pump in Extraction Lab,,,,,Daniel Crawford,2024-12-12 15:18:59,2024-12-12 15:18:59,,,,,,,
Centrivap Cold Trap,7741220,Online,,,Extraction Lab,,,Equipment,https://app.getmaintainx.com/assets/7741220?organizationId=342508,Centrivap Cold Trap in Extraction Lab,,,,,Daniel Crawford,2024-12-12 15:18:59,2024-12-12 15:18:59,,,,,,,
Deep Water Bath,7741221,Online,,,Extraction Lab,,,Equipment,https://app.getmaintainx.com/assets/7741221?organizationId=342508,Deep Water Bath in Extraction Lab,,,,,Daniel Crawford,2024-12-12 15:18:59,2024-12-12 15:18:59,,,,,,,
VTA,7741222,Online,,,Extraction Lab,,,Equipment,https://app.getmaintainx.com/assets/7741222?organizationId=342508,VTA Short Path Distillation Plant in Extraction Lab,,,,,Daniel Crawford,2024-12-12 15:18:59,2024-12-12 15:18:59,,,,,,Hudson Cannabis,Short Path Distillation Plant
Compact Cooling Bath Circulation Thermostat,7741223,Online,,,Extraction Lab,,,Equipment,https://app.getmaintainx.com/assets/7741223?organizationId=342508,Compact Cooling Bath Circulation Thermostat in Extraction Lab,,,,,Daniel Crawford,2024-12-12 15:18:59,2024-12-12 15:18:59,,,,,,,
Heating Bath Circulation Thermostat,7741224,Online,,,Extraction Lab,,,Equipment,https://app.getmaintainx.com/assets/7741224?organizationId=342508,Heating Bath Circulation Thermostat in Extraction Lab,,,,,Daniel Crawford,2024-12-12 15:18:59,2024-12-12 15:18:59,,,,,,,
Refrigeration Bath Circulator,7741225,Online,,,Extraction Lab,,,Equipment,https://app.getmaintainx.com/assets/7741225?organizationId=342508,Refrigeration Bath Circulator in Extraction Lab,,,,,Daniel Crawford,2024-12-12 15:18:59,2024-12-12 15:18:59,,,,,,,
Overhead Stirrer,7741226,Online,,,Extraction Lab,,,Equipment,https://app.getmaintainx.com/assets/7741226?organizationId=342508,Overhead Stirrer in Extraction Lab,,,,,Daniel Crawford,2024-12-12 15:18:59,2024-12-12 15:18:59,,,,,,,
Peristaltic Pump,7741227,Online,,,Extraction Lab,,,Equipment,https://app.getmaintainx.com/assets/7741227?organizationId=342508,Peristaltic Pump in Extraction Lab,,,,,Daniel Crawford,2024-12-12 15:18:59,2024-12-12 15:18:59,,,,,,,
Waters e2695 Separations Module,7741228,Online,,,Extraction Lab,,,Equipment,https://app.getmaintainx.com/assets/7741228?organizationId=342508,Waters e2695 Separations Module in Extraction Lab,,,,,Daniel Crawford,2024-12-12 15:18:59,2024-12-12 15:18:59,,,,,,Hudson Cannabis,e2695 Separations Module
2998 PDA Detector,7741229,Online,,,Extraction Lab,,,Equipment,https://app.getmaintainx.com/assets/7741229?organizationId=342508,2998 PDA Detector in Extraction Lab,,,,,Daniel Crawford,2024-12-12 15:18:59,2024-12-12 15:18:59,,,,,,Hudson Cannabis,2998 PDA Detector
Acquity QDa Detector,7741230,Online,,,Extraction Lab,,,Equipment,https://app.getmaintainx.com/assets/7741230?organizationId=342508,Acquity QDa Detector in Extraction Lab,,,,,Daniel Crawford,2024-12-12 15:18:59,2024-12-12 15:18:59,,,,,,Hudson Cannabis,Acquity QDa Detector
Thinkvision T23d-10 Monitor,7741231,Online,,,Extraction Lab,,,Equipment,https://app.getmaintainx.com/assets/7741231?organizationId=342508,Thinkvision T23d-10 Monitor in Extraction Lab,,,,,Daniel Crawford,2024-12-12 15:18:59,2024-12-12 15:18:59,,,,,,Hudson Cannabis,Thinkvision T23d-10
Lenovo Thinkstation Tower,7741232,Online,,,Extraction Lab,,,Equipment,https://app.getmaintainx.com/assets/7741232?organizationId=342508,Lenovo Thinkstation Tower in Extraction Lab,,,,,Daniel Crawford,2024-12-12 15:18:59,2024-12-12 15:18:59,,,,,,,
Pure NItrogen Generator,7741233,Online,,,Extraction Lab,,,Equipment,https://app.getmaintainx.com/assets/7741233?organizationId=342508,Pure NItrogen Generator in Extraction Lab,,,,,Daniel Crawford,2024-12-12 15:18:59,2024-12-12 15:18:59,,,,,,,
HPLC Support DVDs & Software,7741234,Online,,,Extraction Lab,,,Equipment,https://app.getmaintainx.com/assets/7741234?organizationId=342508,HPLC Support DVDs & Software in Extraction Lab,,,,,Daniel Crawford,2024-12-12 15:18:59,2024-12-12 15:18:59,,,,,,,
Delta Separations,7741235,Online,,,Extraction Lab,,,Equipment,https://app.getmaintainx.com/assets/7741235?organizationId=342508,Delta Separations CUP 15 in Extraction Lab,,,,,Daniel Crawford,2024-12-12 15:18:59,2024-12-12 15:18:59,,,,,,Hudson Cannabis,CUP 15
Vape Jet,7741236,Online,,,Extraction Lab,,,Equipment,https://app.getmaintainx.com/assets/7741236?organizationId=342508,Vape Jet 4.0 in Extraction Lab,,,,,Daniel Crawford,2024-12-12 15:18:59,2024-12-12 15:18:59,,,,,,Hudson Cannabis,Vape Jet 4.0
CVO-10 Vac Oven,7741237,Online,,,Extraction Lab,,,Equipment,https://app.getmaintainx.com/assets/7741237?organizationId=342508,CVO-10 Vac Oven in Extraction Lab,,,,,Daniel Crawford,2024-12-12 15:18:59,2024-12-12 15:18:59,,,,,,Hudson Cannabis,CVO-10
Fork Lift,7741238,Online,,,Warehouse,,,Equipment,https://app.getmaintainx.com/assets/7741238?organizationId=342508,Crown 55F-SSS-A059 in Warehouse,,,,,Daniel Crawford,2024-12-12 15:18:59,2024-12-12 15:18:59,,,,,9A200846,Hudson Cannabis,55F-SSS-A059
Skidster,7741239,Online,,,Cultivation,,,Equipment,https://app.getmaintainx.com/assets/7741239?organizationId=342508,John Deere 260 Series 2 in Cultivation,,,,,Daniel Crawford,2024-12-12 15:18:59,2024-12-12 15:18:59,,,,,,Hudson Cannabis,260 Series 2
Tractor,7741240,Online,,,Cultivation,,,Equipment,https://app.getmaintainx.com/assets/7741240?organizationId=342508,John Deere 541 Series in Cultivation,,,,,Daniel Crawford,2024-12-12 15:18:59,2024-12-12 15:18:59,,,,,,Hudson Cannabis,541 Series
Tractor,7741241,Online,,,Cultivation,,,Equipment,https://app.getmaintainx.com/assets/7741241?organizationId=342508,Kubota L4760 in Cultivation,,,,,Daniel Crawford,2024-12-12 15:18:59,2024-12-12 15:18:59,,,,,42470,Hudson Cannabis,L4760
PTO Attchment,7741242,Online,,,Cultivation,,,Equipment,https://app.getmaintainx.com/assets/7741242?organizationId=342508,Woods Brush Bull BB840X in Cultivation,,,,,Daniel Crawford,2024-12-12 15:18:59,2024-12-12 15:18:59,,,,,1267454,Hudson Cannabis,BB840X
PTO Attchment,7741243,Online,,,Cultivation,,,Equipment,https://app.getmaintainx.com/assets/7741243?organizationId=342508,Gaspardo Seeder DL 1300 in Cultivation,,,,,Daniel Crawford,2024-12-12 15:18:59,2024-12-12 15:18:59,,,,,GW98C0447,Hudson Cannabis,DL 1300
Pull Behind Sprayer,7741244,Online,,,Cultivation,,,Equipment,https://app.getmaintainx.com/assets/7741244?organizationId=342508,PBM Sprayer PT-300EL in Cultivation,,,,,Daniel Crawford,2024-12-12 15:18:59,2024-12-12 15:18:59,,,,,,Hudson Cannabis,PT-300EL
Golf Cart,7741245,Online,,,Barn,,,Equipment,https://app.getmaintainx.com/assets/7741245?organizationId=342508,Golf Cart Yamaha YDRAX4 in Barn,,,,,Daniel Crawford,2024-12-12 15:18:59,2024-12-12 15:18:59,,,,,,Hudson Cannabis,YDRAX4
Trailer,7741246,Online,,,Cultivation,,,Equipment,https://app.getmaintainx.com/assets/7741246?organizationId=342508,Carry-on Trailer 5x8SPW-Gen 5'x8' in Cultivation,,,,,Daniel Crawford,2024-12-12 15:18:59,2024-12-12 15:18:59,,,,,VIN#4YMBU081XNV033895,Hudson Cannabis,5x8SPW-Gen 5'x8'
Van #1,7741247,Online,,,Mobile,,,Equipment,https://app.getmaintainx.com/assets/7741247?organizationId=342508,Van #1 in Mobile,,,,,Daniel Crawford,2024-12-12 15:18:59,2024-12-12 15:18:59,,,,,,,
Van #2,7741248,Online,,,Mobile,,,Equipment,https://app.getmaintainx.com/assets/7741248?organizationId=342508,Van #2 in Mobile,,,,,Daniel Crawford,2024-12-12 15:18:59,2024-12-12 15:18:59,,,,,,,
Van #3,7741249,Online,,,Mobile,,,Equipment,https://app.getmaintainx.com/assets/7741249?organizationId=342508,Van #3 in Mobile,,,,,Daniel Crawford,2024-12-12 15:18:59,2024-12-12 15:18:59,,,,,,,
Electrostatic Sprayer,7741250,Online,,,Mobile,,,Equipment,https://app.getmaintainx.com/assets/7741250?organizationId=342508,Electrostatic Sprayer in Cultivation,,,,,Daniel Crawford,2024-12-12 15:18:59,2024-12-12 15:18:59,,,,,,,
Mobile Fogger,7741251,Online,,,Mobile,,,Equipment,https://app.getmaintainx.com/assets/7741251?organizationId=342508,Mobile Fogger in Cultivation,,,,,Daniel Crawford,2024-12-12 15:18:59,2024-12-12 15:18:59,,,,,,,
Production Tunnels,7741252,Online,,,Cultivation,,,Equipment,https://app.getmaintainx.com/assets/7741252?organizationId=342508,Production Tunnels in Cultivation,,,,,Daniel Crawford,2024-12-12 15:18:59,2024-12-12 15:18:59,,,,,,,
Harnois Greenhouse,7741253,Online,,,Cultivation,,,Equipment,https://app.getmaintainx.com/assets/7741253?organizationId=342508,Harnois Greenhouse in Cultivation,,,,,Daniel Crawford,2024-12-12 15:18:59,2024-12-12 15:18:59,https://app.getmaintainx.com/api/s3/uploads/693104d4-694b-4619-8c48-2b15e1db4952_photo.jpeg,,,https://app.getmaintainx.com/api/s3/uploads/693104d4-694b-4619-8c48-2b15e1db4952_photo.jpeg,,,
Grounds,7741254,Online,,,Main Campus,,,Equipment,https://app.getmaintainx.com/assets/7741254?organizationId=342508,Grounds in Main Campus,,,,,Daniel Crawford,2024-12-12 15:18:59,2024-12-12 15:18:59,,,,,,,
Processing Building,7741255,Online,,,Main Campus,,,Equipment,https://app.getmaintainx.com/assets/7741255?organizationId=342508,Processing Building in Main Campus,,,,,Daniel Crawford,2024-12-12 15:18:59,2024-12-12 15:18:59,,,,,,,
Willow Air,7741256,Online,,,Processing,Hudson NY,Hudson NY,Equipment,https://app.getmaintainx.com/assets/7741256?organizationId=342508,Willow Air in Processing,,,,,Daniel Crawford,2024-12-12 15:18:59,2024-12-20 10:06:41,https://app.getmaintainx.com/api/s3/uploads/cd391d46-7c37-4fe8-9b72-62d5120fe148_camera.jpg,,,https://app.getmaintainx.com/api/s3/uploads/cd391d46-7c37-4fe8-9b72-62d5120fe148_camera.jpg,,,
Air Drier,7741259,Online,,,Loft,Warehouse,Warehouse,Equipment,https://app.getmaintainx.com/assets/7741259?organizationId=342508,Air Drier in Processing,,,,,Daniel Crawford,2024-12-12 15:18:59,2025-02-12 13:24:59,,,,,,,
Floor Drains,7741260,Online,,,Processing,Hudson NY,Hudson NY,Equipment,https://app.getmaintainx.com/assets/7741260?organizationId=342508,Floor Drains in Processing,,,,,Daniel Crawford,2024-12-12 15:18:59,2024-12-12 15:18:59,,,,,,,
Heat Sealers,7741261,Online,,,Packaging,Carbon Building,Carbon Building,Equipment,https://app.getmaintainx.com/assets/7741261?organizationId=342508,Heat Sealers in Processing,,,,,Daniel Crawford,2024-12-12 15:18:59,2025-02-12 13:30:55,,,,,,,
Electric Panels,7741262,Online,,,Processing,Hudson NY,Hudson NY,Equipment,https://app.getmaintainx.com/assets/7741262?organizationId=342508,Electric Panels in Processing,,,,,Daniel Crawford,2024-12-12 15:18:59,2024-12-12 15:18:59,,,,,,,
Break Room - Outdoor Unit Mitsubishi,7741263,Online,,,Break Room,,,Equipment,https://app.getmaintainx.com/assets/7741263?organizationId=342508,Mitsubishi Mini Split - Outdoor,,,,,Daniel Crawford,2024-12-12 15:18:59,2024-12-20 09:52:22,https://app.getmaintainx.com/api/s3/uploads/eae01ffa-70f0-4663-897c-076d3092ca09_camera.jpg,,,"https://app.getmaintainx.com/api/s3/uploads/eae01ffa-70f0-4663-897c-076d3092ca09_camera.jpg,https://app.getmaintainx.com/api/s3/uploads/f6b63cb8-adbd-4de3-bdef-cd6ef93ac803_camera2.jpg",,,
Modine Heater,7741264,Online,,,Pre-Extraction,,,Equipment,https://app.getmaintainx.com/assets/7741264?organizationId=342508,Modine Heater in Pre-Extraction,,,,,Daniel Crawford,2024-12-12 15:18:59,2024-12-12 15:18:59,,,,,,,
Air Compressor,7741265,Online,,,Pre-Extraction,,,Equipment,https://app.getmaintainx.com/assets/7741265?organizationId=342508,Kobalt Model 3320447 in Pre-Extraction,,,,,Daniel Crawford,2024-12-12 15:18:59,2024-12-12 15:18:59,,,,,,Hudson Cannabis,Model 3320447
Reverse Osmosis System,7741266,Online,,,Pre-Extraction,,,Equipment,https://app.getmaintainx.com/assets/7741266?organizationId=342508,Reverse Osmosis System in Pre-Extraction,,,,,Daniel Crawford,2024-12-12 15:18:59,2024-12-12 15:18:59,,,,,,,
Sump Pump,7741267,Online,,,Extraction,,,Equipment,https://app.getmaintainx.com/assets/7741267?organizationId=342508,Sump Pump in Extraction,,,,,Daniel Crawford,2024-12-12 15:18:59,2024-12-12 15:18:59,,,,,,,
Mini Splits,7741268,Online,,,Extraction,,,Equipment,https://app.getmaintainx.com/assets/7741268?organizationId=342508,Mini Splits in Extraction,,,,,Daniel Crawford,2024-12-12 15:18:59,2024-12-12 15:18:59,,,,,,,
Mini Splits,7741269,Online,,,1906,,,Equipment,https://app.getmaintainx.com/assets/7741269?organizationId=342508,Mini Splits in 1906,,,,,Daniel Crawford,2024-12-12 15:18:59,2024-12-12 15:18:59,,,,,,,
Through Wall A/C,7741271,Online,,,Hash Lab,,,Equipment,https://app.getmaintainx.com/assets/7741271?organizationId=342508,Through Wall A/C in Hash Lab,,,,,Daniel Crawford,2024-12-12 15:18:59,2024-12-12 15:18:59,,,,,,,
Mini Splits,7741272,Online,,,Hash Lab,,,Equipment,https://app.getmaintainx.com/assets/7741272?organizationId=342508,Mini Splits in Hash Lab,,,,,Daniel Crawford,2024-12-12 15:18:59,2024-12-12 15:18:59,,,,,,,
Mini Split #1,7741273,Online,,,Distribution,,,Equipment,https://app.getmaintainx.com/assets/7741273?organizationId=342508,Mini Split #1 in Distribution,,,,,Daniel Crawford,2024-12-12 15:18:59,2024-12-12 15:18:59,,,,,,,
Mini Split #2,7741274,Online,,,Distribution,,,Equipment,https://app.getmaintainx.com/assets/7741274?organizationId=342508,Mini Split #2 in Distribution,,,,,Daniel Crawford,2024-12-12 15:18:59,2024-12-12 15:18:59,,,,,,,
Mini Split #3,7741275,Online,,,Distribution,,,Equipment,https://app.getmaintainx.com/assets/7741275?organizationId=342508,Mini Split #3 in Distribution,,,,,Daniel Crawford,2024-12-12 15:18:59,2024-12-12 15:18:59,,,,,,,
Mini Split #4,7741276,Online,,,Distribution,,,Equipment,https://app.getmaintainx.com/assets/7741276?organizationId=342508,Mini Split #4 in Distribution,,,,,Daniel Crawford,2024-12-12 15:18:59,2024-12-12 15:18:59,,,,,,,
Overhead Doors,7741277,Online,,,Main Campus,,,Equipment,https://app.getmaintainx.com/assets/7741277?organizationId=342508,Overhead Doors in Main Campus,,,,,Daniel Crawford,2024-12-12 15:18:59,2024-12-12 15:18:59,,,,,,,
Walk Behind Mower,7741278,Online,,,Facilities,,,Equipment,https://app.getmaintainx.com/assets/7741278?organizationId=342508,Walk Behind Mower in Facilities,,,,,Daniel Crawford,2024-12-12 15:18:59,2024-12-12 15:18:59,,,,,23522-404395557,,
Golf Cart #1,7741279,Online,,,Facilities,,,Equipment,https://app.getmaintainx.com/assets/7741279?organizationId=342508,Golf Cart #1 in Facilities,,,,,Daniel Crawford,2024-12-12 15:18:59,2024-12-12 15:18:59,,,,,YDRAX4,,
Golf Cart #2,7741280,Online,,,Facilities,,,Equipment,https://app.getmaintainx.com/assets/7741280?organizationId=342508,Golf Cart #2 in Facilities,,,,,Daniel Crawford,2024-12-12 15:18:59,2024-12-12 15:18:59,,,,,DR2A18 EFI,,
Golf Cart - Security,7741281,Online,,,Facilities,,,Equipment,https://app.getmaintainx.com/assets/7741281?organizationId=342508,Golf Cart Security,,,,,Daniel Crawford,2024-12-12 15:18:59,2024-12-20 09:45:24,https://app.getmaintainx.com/api/s3/uploads/ba9d992a-b6bd-4d27-b363-01454de5e64e_camera.jpg,,,"https://app.getmaintainx.com/api/s3/uploads/ba9d992a-b6bd-4d27-b363-01454de5e64e_camera.jpg,https://app.getmaintainx.com/api/s3/uploads/fc3fad84-4f35-4599-a441-7cb4cc7a2fd6_camera2.jpg",,Hudson Cannabis,DR2A18 EFI
Modine Heater,7741282,Online,,,Nursery,,,Equipment,https://app.getmaintainx.com/assets/7741282?organizationId=342508,Modine Heater in Nursery,,,,,Daniel Crawford,2024-12-12 15:18:59,2024-12-12 15:18:59,,,,,,,
Water Filter System,7741283,Online,,,Nursery,,,Equipment,https://app.getmaintainx.com/assets/7741283?organizationId=342508,Water Filter System in Nursery,,,,,Daniel Crawford,2024-12-12 15:18:59,2024-12-12 15:18:59,,,,,,,
Exhaust / Cooling System,7741284,Online,,,Nursery,,,Equipment,https://app.getmaintainx.com/assets/7741284?organizationId=342508,Exhaust / Cooling System in Nursery,,,,,Daniel Crawford,2024-12-12 15:18:59,2024-12-12 15:18:59,,,,,,,
Exhaust / Cooling System,7741285,Online,,,Harnois Greenhouse,,,Equipment,https://app.getmaintainx.com/assets/7741285?organizationId=342508,Exhaust / Cooling System in Harnois Greenhouse,,,,,Daniel Crawford,2024-12-12 15:18:59,2024-12-12 15:18:59,,,,,,,
Awning,7741286,Online,,,Harnois Greenhouse,,,Equipment,https://app.getmaintainx.com/assets/7741286?organizationId=342508,Awning in Harnois Greenhouse,,,,,Daniel Crawford,2024-12-12 15:18:59,2024-12-12 15:18:59,,,,,,,
Modine Heater #1,7741287,Online,,,Harnois Greenhouse,,,Equipment,https://app.getmaintainx.com/assets/7741287?organizationId=342508,Modine Heater #1 in Harnois Greenhouse,,,,,Daniel Crawford,2024-12-12 15:18:59,2024-12-12 15:18:59,,,,,,,
Modine Heater #2,7741288,Online,,,Harnois Greenhouse,,,Equipment,https://app.getmaintainx.com/assets/7741288?organizationId=342508,Modine Heater #2 in Harnois Greenhouse,,,,,Daniel Crawford,2024-12-12 15:18:59,2024-12-12 15:18:59,,,,,,,
Water Hydrant,7741289,Online,,,Harnois Greenhouse,,,Equipment,https://app.getmaintainx.com/assets/7741289?organizationId=342508,Water Hydrant in Harnois Greenhouse,,,,,Daniel Crawford,2024-12-12 15:18:59,2024-12-12 15:18:59,,,,,,,
Air Scrubber,7741290,Online,,,Barn,,,Equipment,https://app.getmaintainx.com/assets/7741290?organizationId=342508,Xpower AP-2000 in Processing,,,,,Daniel Crawford,2024-12-12 15:18:59,2025-02-12 13:25:58,,,,,,Hudson Cannabis,AP-2000
Ozone Machine,7741291,Online,,,Processing,Hudson NY,Hudson NY,Equipment,https://app.getmaintainx.com/assets/7741291?organizationId=342508,Willow 360 in Processing,,,,,Daniel Crawford,2024-12-12 15:18:59,2024-12-12 15:18:59,,,,,,Hudson Cannabis,360
Pallet Jack #1,7741292,Online,,,Warehouse,,,Equipment,https://app.getmaintainx.com/assets/7741292?organizationId=342508,Uline Pallet Jack #1 in Processing,,,,,Daniel Crawford,2024-12-12 15:18:59,2025-02-12 13:22:20,,,,,480104,,
Pallet Jack #2,7741293,Online,,,Warehouse,,,Equipment,https://app.getmaintainx.com/assets/7741293?organizationId=342508,Uline Pallet Jack #2 in Processing,,,,,Daniel Crawford,2024-12-12 15:18:59,2025-02-12 13:22:30,,,,,J21041436,,
Pallet Jack #3,7741294,Online,,,Warehouse,,,Equipment,https://app.getmaintainx.com/assets/7741294?organizationId=342508,Uline Pallet Jack #3 in Processing,,,,,Daniel Crawford,2024-12-12 15:18:59,2025-02-12 13:22:40,,,,,J21071436,,
Chest Freezer #1,7741295,Online,,,Hudson NY,,,Equipment,https://app.getmaintainx.com/assets/7741295?organizationId=342508,Electrolux Home FFCL2542AW Chest Freezer #1 in Processing,,,,,Daniel Crawford,2024-12-12 15:18:59,2025-01-29 13:03:05,,,67 Pinewood Rd Hudson NY 12534,,AA21660132,Hudson Cannabis,FFCL2542AW
Chest Freezer #2,7741296,Online,,,Processing,Hudson NY,Hudson NY,Equipment,https://app.getmaintainx.com/assets/7741296?organizationId=342508,Electrolux Home FFCL2542AW Chest Freezer #2 in Processing,,,,,Daniel Crawford,2024-12-12 15:18:59,2024-12-12 15:18:59,,,,,AA21660155,Hudson Cannabis,FFCL2542AW
Heat Sealer #1,7741297,Online,,,Processing,Hudson NY,Hudson NY,Equipment,https://app.getmaintainx.com/assets/7741297?organizationId=342508,Dragon Chewer PFS-400 Heat Sealer #1 in Processing,,,,,Daniel Crawford,2024-12-12 15:18:59,2024-12-12 15:18:59,,,,,N/A,Hudson Cannabis,PFS-400
Heat Sealer #2,7741298,Online,,,Processing,Hudson NY,Hudson NY,Equipment,https://app.getmaintainx.com/assets/7741298?organizationId=342508,Dragon Chewer PFS-400 Heat Sealer #2 in Processing,,,,,Daniel Crawford,2024-12-12 15:18:59,2024-12-12 15:18:59,,,,,N/A,Hudson Cannabis,PFS-400
Heat Sealer #3,7741299,Online,,,Processing,Hudson NY,Hudson NY,Equipment,https://app.getmaintainx.com/assets/7741299?organizationId=342508,AmeriVacs AVS-20 Heat Sealer #3 in Processing,,,,,Daniel Crawford,2024-12-12 15:18:59,2024-12-12 15:18:59,,,,,I-35729,Hudson Cannabis,AVS-20
Pallet Scale,7741300,Online,,,Cultivation,,,Equipment,https://app.getmaintainx.com/assets/7741300?organizationId=342508,Pallet Scale in Processing,,,,,Daniel Crawford,2024-12-12 15:18:59,2025-02-12 13:21:52,,,,,,,
Pressure Washer,7741301,Online,,,Mobile,,,Equipment,https://app.getmaintainx.com/assets/7741301?organizationId=342508,Green Works GPW3001 in Mobile,,,,,Daniel Crawford,2024-12-12 15:18:59,2024-12-12 15:18:59,,,,,GWB0841105,Hudson Cannabis,GPW3001
Bucker #1,7741303,Online,,,Barn,,,Equipment,https://app.getmaintainx.com/assets/7741303?organizationId=342508,Munch Machine Mother Bucker MB1-120OW Bucker #1 in Processing,,,,,Daniel Crawford,2024-12-12 15:18:59,2025-02-12 13:26:23,,,,,,Hudson Cannabis,MB1-120OW
Bucker #2,7741304,Online,,,Barn,,,Equipment,https://app.getmaintainx.com/assets/7741304?organizationId=342508,Munch Machine Mother Bucker MB1-120OW Bucker #2 in Processing,,,,,Daniel Crawford,2024-12-12 15:18:59,2025-02-12 13:26:33,,,,,,Hudson Cannabis,MB1-120OW
Fire Alarm System,7741305,Online,,,General,,,Processing,https://app.getmaintainx.com/assets/7741305?organizationId=342508,Fire Alarm System in Distribution,,,,,Daniel Crawford,2024-12-12 15:18:59,2024-12-12 15:18:59,,,,,Equipment,Hudson Cannabis,Warehouse
Security System,7741306,Online,,,Equipment,,,Distribution,https://app.getmaintainx.com/assets/7741306?organizationId=342508,Security System in Cultivation Barn,,,,,Daniel Crawford,2024-12-12 15:18:59,2024-12-12 15:18:59,,,,,Processing,Hudson Cannabis,Farmhouse
Well #1 ( Farmhouse ),7741307,Online,,,Field,,,Equipment,https://app.getmaintainx.com/assets/7741307?organizationId=342508,Well #1 ( Farmhouse ) in Field,,,,Capital Region Environmental Lab,Daniel Crawford,2024-12-12 15:18:59,2024-12-12 15:18:59,,,,,,,
Well #2 ( Outdoor Cultivation ),7741308,Online,,,Field,,,Equipment,https://app.getmaintainx.com/assets/7741308?organizationId=342508,Well #2 ( Outdoor Cultivation ) in Field,,,,Capital Region Environmental Lab,Daniel Crawford,2024-12-12 15:18:59,2024-12-12 15:18:59,,,,,,,
Break Room Indoor Unit,7851641,Online,Break Room - Outdoor Unit Mitsubishi,Break Room - Outdoor Unit Mitsubishi,Break Room,,,,https://app.getmaintainx.com/assets/7851641?organizationId=342508,,,,,,Daniel Crawford,2024-12-20 09:51:26,2024-12-20 09:51:57,https://app.getmaintainx.com/api/s3/uploads/ca2dbb79-8b08-4078-8220-e7c675fa105f_camera.jpg,,,https://app.getmaintainx.com/api/s3/uploads/ca2dbb79-8b08-4078-8220-e7c675fa105f_camera.jpg,,,
Hefestus AuraX ID#6,7851673,Online,,,Processing,Hudson NY,Hudson NY,,https://app.getmaintainx.com/assets/7851673?organizationId=342508,,,,,,Daniel Crawford,2024-12-20 10:02:33,2025-04-02 13:31:26,https://app.getmaintainx.com/api/s3/uploads/f2c04812-d3d1-4879-a479-1a286a3fcf06_camera.jpg,,,"https://app.getmaintainx.com/api/s3/uploads/f2c04812-d3d1-4879-a479-1a286a3fcf06_camera.jpg,https://app.getmaintainx.com/api/s3/uploads/e17010fd-7283-47be-95ef-dec944da732e_camera.jpg",,Hefestus ,AuraX
RollPros Blackbird 1.0 ID#5,7851683,Online,,,General,,,,https://app.getmaintainx.com/assets/7851683?organizationId=342508,,1XKLRT6XER3SH,,,,Daniel Crawford,2024-12-20 10:04:26,2025-04-02 13:31:54,https://app.getmaintainx.com/api/s3/uploads/d13fdf53-8217-4229-8050-5113a0f6fd13_camera2.jpg,,,"https://app.getmaintainx.com/api/s3/uploads/d13fdf53-8217-4229-8050-5113a0f6fd13_camera2.jpg,https://app.getmaintainx.com/api/s3/uploads/bb7e482f-d9f5-439f-bf33-278d7e83521c_photo.jpeg",,RollPros,Blackbird 1.0
Ingersoll Rand Air Drier #1,7851688,Online,RollPros Blackbird 1.0 ID#5,RollPros Blackbird 1.0 ID#5,General,,,,https://app.getmaintainx.com/assets/7851688?organizationId=342508,,,,,,Daniel Crawford,2024-12-20 10:05:15,2024-12-20 10:05:15,,,,,,,
Ingersoll Rand Air Drier #2,7851691,Online,RollPros Blackbird 1.0 ID#5,RollPros Blackbird 1.0 ID#5,General,,,,https://app.getmaintainx.com/assets/7851691?organizationId=342508,,,,,,Daniel Crawford,2024-12-20 10:05:22,2024-12-20 10:05:22,,,,,,,
Quest Dehumidifier - Processing,7851706,Online,,,Processing,Hudson NY,Hudson NY,,https://app.getmaintainx.com/assets/7851706?organizationId=342508,,,,,,Daniel Crawford,2024-12-20 10:09:03,2024-12-20 10:09:03,https://app.getmaintainx.com/api/s3/uploads/1ea11797-1c41-4365-b054-70e625163e93_camera.jpg,,,https://app.getmaintainx.com/api/s3/uploads/1ea11797-1c41-4365-b054-70e625163e93_camera.jpg,,,
Willow Air #2 - Processing,7851714,Online,,,Processing,Hudson NY,Hudson NY,,https://app.getmaintainx.com/assets/7851714?organizationId=342508,,,,,,Daniel Crawford,2024-12-20 10:11:06,2024-12-20 10:11:06,https://app.getmaintainx.com/api/s3/uploads/85153936-d66f-4c50-873b-aa8e481f556b_camera.jpg,,,https://app.getmaintainx.com/api/s3/uploads/85153936-d66f-4c50-873b-aa8e481f556b_camera.jpg,,,
Eye Wash Station - Processing,7851719,Online,,,Processing,Hudson NY,Hudson NY,,https://app.getmaintainx.com/assets/7851719?organizationId=342508,,,,,,Daniel Crawford,2024-12-20 10:13:19,2024-12-20 10:13:19,https://app.getmaintainx.com/api/s3/uploads/5cb720e1-ba1b-4d4d-9d1b-c219c612605a_camera.jpg,,,https://app.getmaintainx.com/api/s3/uploads/5cb720e1-ba1b-4d4d-9d1b-c219c612605a_camera.jpg,,,
STM Revolution Grinder ID#7,7851720,Online,,,Processing,Hudson NY,Hudson NY,,https://app.getmaintainx.com/assets/7851720?organizationId=342508,,,,,,Daniel Crawford,2024-12-20 10:14:15,2025-04-02 13:32:16,https://app.getmaintainx.com/api/s3/uploads/3c3a07e1-98c9-4d42-99be-e2b39a167b82_camera.jpg,,,https://app.getmaintainx.com/api/s3/uploads/3c3a07e1-98c9-4d42-99be-e2b39a167b82_camera.jpg,,,
Kaeser Air Center Compressor,7852607,Online,,,Warehouse,,,,https://app.getmaintainx.com/assets/7852607?organizationId=342508,,,,,,Daniel Crawford,2024-12-20 10:30:29,2025-02-04 22:33:08,https://app.getmaintainx.com/api/s3/uploads/4fe209c7-0972-4c5d-8ddb-2ca8c926782d_camera.jpg,,,"https://app.getmaintainx.com/api/s3/uploads/4fe209c7-0972-4c5d-8ddb-2ca8c926782d_camera.jpg,https://app.getmaintainx.com/api/s3/uploads/3e5faffb-5888-4421-b490-ea06777afd9a_camera2.jpg",3331-9968177,Kaeser,AirCenter SK20
Willow Pure 360 ID#1,7852627,Online,,,Processing,Hudson NY,Hudson NY,,https://app.getmaintainx.com/assets/7852627?organizationId=342508,,,,,,Daniel Crawford,2024-12-20 10:39:14,2025-04-02 13:16:35,https://app.getmaintainx.com/api/s3/uploads/24455846-3b85-4570-8fd5-3656ae09f932_camera.jpg,,,"https://app.getmaintainx.com/api/s3/uploads/24455846-3b85-4570-8fd5-3656ae09f932_camera.jpg,https://app.getmaintainx.com/api/s3/uploads/4e727ffc-db70-474a-bd1a-4f00d878cf84_photo.jpeg",,,
Eye Wash Station - Carbon Building,7854660,Online,,,Carbon Building,,,,https://app.getmaintainx.com/assets/7854660?organizationId=342508,,,,,,Daniel Crawford,2024-12-20 14:00:08,2024-12-20 14:00:08,https://app.getmaintainx.com/api/s3/uploads/4afa8d66-3f8c-4b57-b7d1-1e6c8a418e3f_camera.jpg,,,https://app.getmaintainx.com/api/s3/uploads/4afa8d66-3f8c-4b57-b7d1-1e6c8a418e3f_camera.jpg,,,
HVAC Unit #1 (Astoria),8556527,Online,,,Astoria,,,,https://app.getmaintainx.com/assets/8556527?organizationId=342508,,,,,,Lucas Halaj,2025-02-04 14:29:54,2025-02-04 14:29:55,https://app.getmaintainx.com/api/s3/uploads/0b5814ee-1c7a-4a15-961c-e5f646a1b42d_IMG_6916.HEIC,Important,,https://app.getmaintainx.com/api/s3/uploads/0b5814ee-1c7a-4a15-961c-e5f646a1b42d_IMG_6916.HEIC,,,
HVAC Unit #2 (Astoria),8556626,Online,,,Astoria,,,,https://app.getmaintainx.com/assets/8556626?organizationId=342508,,,,,,Lucas Halaj,2025-02-04 14:31:22,2025-02-04 14:37:43,https://app.getmaintainx.com/api/s3/uploads/931fbb74-07ab-4880-90ba-ae69e6179925_IMG_6916.HEIC,,,https://app.getmaintainx.com/api/s3/uploads/931fbb74-07ab-4880-90ba-ae69e6179925_IMG_6916.HEIC,,,
HVAC Unit #3 (Astoria),8556679,Online,,,Astoria,,,,https://app.getmaintainx.com/assets/8556679?organizationId=342508,,,,Astoria,,Lucas Halaj,2025-02-04 14:32:18,2025-02-04 14:37:50,https://app.getmaintainx.com/api/s3/uploads/d6fd87cb-ecfb-4dd4-a466-b355361c6493_IMG_6918.HEIC,Important,,https://app.getmaintainx.com/api/s3/uploads/d6fd87cb-ecfb-4dd4-a466-b355361c6493_IMG_6918.HEIC,,,
HVAC Unit #4 (Astoria),8556804,Online,,,Astoria,,,,https://app.getmaintainx.com/assets/8556804?organizationId=342508,,,,Astoria,,Lucas Halaj,2025-02-04 14:35:36,2025-02-04 14:38:01,https://app.getmaintainx.com/api/s3/uploads/05049203-a93e-4111-9b2b-3e620cb3e9fd_IMG_6915.HEIC,Important,,https://app.getmaintainx.com/api/s3/uploads/05049203-a93e-4111-9b2b-3e620cb3e9fd_IMG_6915.HEIC,,,
HVAC Unit #5 (Astoria),8556811,Online,,,Astoria,,,,https://app.getmaintainx.com/assets/8556811?organizationId=342508,,,,,,Lucas Halaj,2025-02-04 14:36:58,2025-02-04 14:36:59,https://app.getmaintainx.com/api/s3/uploads/aa811e2d-2f6e-4a0b-ab00-9201714d35bb_IMG_6921.HEIC,Important,,https://app.getmaintainx.com/api/s3/uploads/aa811e2d-2f6e-4a0b-ab00-9201714d35bb_IMG_6921.HEIC,,,
HVAC Unit #6 (Astoria),8556819,Online,,,Astoria,,,,https://app.getmaintainx.com/assets/8556819?organizationId=342508,,,,Astoria,,Lucas Halaj,2025-02-04 14:39:02,2025-02-04 14:39:03,https://app.getmaintainx.com/api/s3/uploads/7ff02f62-bbd5-4929-9d1f-a8c52639540c_IMG_6920.HEIC,,,https://app.getmaintainx.com/api/s3/uploads/7ff02f62-bbd5-4929-9d1f-a8c52639540c_IMG_6920.HEIC,,,
HVAC Unit #7,8556820,Online,,,Astoria,,,,https://app.getmaintainx.com/assets/8556820?organizationId=342508,,,,Astoria,,Lucas Halaj,2025-02-04 14:39:54,2025-02-04 14:39:55,https://app.getmaintainx.com/api/s3/uploads/b1393858-ccf4-41d9-b183-1fc40cf5e54e_IMG_6919.HEIC,Important,,https://app.getmaintainx.com/api/s3/uploads/b1393858-ccf4-41d9-b183-1fc40cf5e54e_IMG_6919.HEIC,,,
HVAC Unit # 8 (Astoria),8556833,Online,,,Astoria,,,,https://app.getmaintainx.com/assets/8556833?organizationId=342508,,,,Astoria,,Lucas Halaj,2025-02-04 14:42:07,2025-02-04 14:42:08,https://app.getmaintainx.com/api/s3/uploads/01f7d3b8-a917-4cac-ab44-216163c7b4f1_IMG_6914.HEIC,,,https://app.getmaintainx.com/api/s3/uploads/01f7d3b8-a917-4cac-ab44-216163c7b4f1_IMG_6914.HEIC,,,
HVAC Unit # 9 (Astoria),8556837,Online,,,Astoria,,,,https://app.getmaintainx.com/assets/8556837?organizationId=342508,,,,Astoria,,Lucas Halaj,2025-02-04 14:42:47,2025-02-04 14:43:35,https://app.getmaintainx.com/api/s3/uploads/6b8d9388-4fa5-4583-950b-69fc10a1a979_IMG_6922.HEIC,,,https://app.getmaintainx.com/api/s3/uploads/6b8d9388-4fa5-4583-950b-69fc10a1a979_IMG_6922.HEIC,,,
Daikin 10 Ton Heat Pump,9441921,Online,,,Processing,Hudson NY,Hudson NY,Equipment,https://app.getmaintainx.com/assets/9441921?organizationId=342508,,,2025,,,Daniel Crawford,2025-03-10 11:32:46,2025-07-09 07:28:37,https://app.getmaintainx.com/api/s3/uploads/322a1d83-0744-4f31-8732-1badc4b6d0ae_PXL_20250708_194614011.jpg,Critical,,"https://app.getmaintainx.com/api/s3/uploads/322a1d83-0744-4f31-8732-1badc4b6d0ae_PXL_20250708_194614011.jpg,https://app.getmaintainx.com/api/s3/uploads/8240d456-406c-4391-b711-084da462b4a6_ds-dh-mechanical-guide_2025.pdf,https://app.getmaintainx.com/api/s3/uploads/96f88e78-3a9a-4bcd-b4d3-30046b9f941d_sm-rsd6412025r10.pdf,https://app.getmaintainx.com/api/s3/uploads/601d4942-f4b0-4132-b664-64e18f789dae_rp-d1416.pdf",,Daikin,
Dry Room 1 ERV #2,9544399,Online,,,General,,,HVAC,https://app.getmaintainx.com/assets/9544399?organizationId=342508,,,,Facilities,,Daniel Crawford,2025-03-18 14:21:45,2025-03-18 14:21:45,https://app.getmaintainx.com/api/s3/uploads/fdad0a61-efb9-441e-ae64-6566f4b12d0e_photo.jpeg,,,https://app.getmaintainx.com/api/s3/uploads/fdad0a61-efb9-441e-ae64-6566f4b12d0e_photo.jpeg,,Renew Aire,Ev Premium L
Dry Room 2 ERV #2,9544400,Online,,,General,,,HVAC,https://app.getmaintainx.com/assets/9544400?organizationId=342508,,,,Facilities,,Daniel Crawford,2025-03-18 14:21:51,2025-03-18 14:22:00,https://app.getmaintainx.com/api/s3/uploads/be39a72c-69b7-409a-bb53-34d1df530478_photo.jpeg,,,https://app.getmaintainx.com/api/s3/uploads/be39a72c-69b7-409a-bb53-34d1df530478_photo.jpeg,,Renew Aire,Ev Premium L
Dry Room 3 ERV #2,9544402,Online,,,General,,,HVAC,https://app.getmaintainx.com/assets/9544402?organizationId=342508,,,,Facilities,,Daniel Crawford,2025-03-18 14:22:06,2025-03-18 14:22:15,https://app.getmaintainx.com/api/s3/uploads/2b461ac7-13b5-45a1-8aa7-8cc7b12da5ab_photo.jpeg,,,https://app.getmaintainx.com/api/s3/uploads/2b461ac7-13b5-45a1-8aa7-8cc7b12da5ab_photo.jpeg,,Renew Aire,Ev Premium L
Processing Humidifier,9547724,Online,,,General,,,,https://app.getmaintainx.com/assets/9547724?organizationId=342508,Steam Humidifier,,,,,Daniel Crawford,2025-03-18 14:41:15,2025-03-18 14:41:15,,,,,,Aprilaire,
Pre-Roll Room Humidifier,9547726,Online,,,General,,,,https://app.getmaintainx.com/assets/9547726?organizationId=342508,Steam Humidifier,,,,,Daniel Crawford,2025-03-18 14:41:22,2025-03-18 14:41:45,,,,,,Aprilaire,
Dry Room #2 Humidifier,9547730,Online,,,General,,,,https://app.getmaintainx.com/assets/9547730?organizationId=342508,Steam Humidifier,,,,,Daniel Crawford,2025-03-18 14:41:49,2025-03-18 14:42:02,,,,,,Aprilaire,
Dry Room 3 Humidifier,9547734,Online,,,General,,,,https://app.getmaintainx.com/assets/9547734?organizationId=342508,Steam Humidifier,,2024,,,Daniel Crawford,2025-03-18 14:42:06,2025-03-18 14:42:17,https://app.getmaintainx.com/api/s3/uploads/63019631-15c2-4932-8d35-41f341029c46_photo.jpeg,,,https://app.getmaintainx.com/api/s3/uploads/63019631-15c2-4932-8d35-41f341029c46_photo.jpeg,,Aprilaire,800
Crown Electric Forklift,9559850,Online,,,General,,,Mobile Equipment,https://app.getmaintainx.com/assets/9559850?organizationId=342508,,,,,,Daniel Crawford,2025-03-19 10:17:10,2025-03-19 10:17:10,,Important,,https://app.getmaintainx.com/api/s3/uploads/6b70355b-ef1c-4684-aa0d-5789e1215e7e_CrownSC5300MaintenanceManual.pdf,9A200846,Crown,55F-SSS-A059
Farmhouse Boiler,9662052,Online,,,Farmhouse,Hudson NY,Hudson NY,,https://app.getmaintainx.com/assets/9662052?organizationId=342508,Peer boiler with Beckett burner,,,,,Daniel Crawford,2025-03-25 14:50:10,2025-03-25 14:50:10,https://app.getmaintainx.com/api/s3/uploads/1cb8ac59-82bb-4966-b755-dfcfde7506c0_camera.jpg,Important,67 Pinewood Rd Hudson NY,https://app.getmaintainx.com/api/s3/uploads/1cb8ac59-82bb-4966-b755-dfcfde7506c0_camera.jpg,558148-200609,Peer,WBV-04-WPCL
Dry Room 2 ERV #1,9662130,Online,,,General,,,HVAC,https://app.getmaintainx.com/assets/9662130?organizationId=342508,,,,Facilities,,Daniel Crawford,2025-03-25 15:04:08,2025-03-25 15:04:08,https://app.getmaintainx.com/api/s3/uploads/8e7f3c46-237a-46ec-a098-366478d951f2_photo.jpeg,,,https://app.getmaintainx.com/api/s3/uploads/8e7f3c46-237a-46ec-a098-366478d951f2_photo.jpeg,,Renew Aire,Ev Premium L
Dry Room 1 ERV #1,9662207,Online,,,General,,,HVAC,https://app.getmaintainx.com/assets/9662207?organizationId=342508,,,,Facilities,,Daniel Crawford,2025-03-25 15:06:46,2025-03-25 15:06:46,https://app.getmaintainx.com/api/s3/uploads/dee9e3cc-ce8e-4c02-a844-d407b0cc5141_photo.jpeg,,,https://app.getmaintainx.com/api/s3/uploads/dee9e3cc-ce8e-4c02-a844-d407b0cc5141_photo.jpeg,,Renew Aire,Ev Premium L
Dry Room 3 ERV #1,9662223,Online,,,General,,,HVAC,https://app.getmaintainx.com/assets/9662223?organizationId=342508,,,,Facilities,,Daniel Crawford,2025-03-25 15:09:14,2025-03-25 15:09:14,https://app.getmaintainx.com/api/s3/uploads/697768dd-23dc-469b-aff7-f8257228df9f_photo.jpeg,,,https://app.getmaintainx.com/api/s3/uploads/697768dd-23dc-469b-aff7-f8257228df9f_photo.jpeg,,Renew Aire,Ev Premium L
Dry Room #3 HVAC #1,9662254,Online,,,General,,,,https://app.getmaintainx.com/assets/9662254?organizationId=342508,,,2024,,,Daniel Crawford,2025-03-25 15:14:36,2025-03-25 15:14:36,https://app.getmaintainx.com/api/s3/uploads/9ec5b5b8-3c5b-4ff6-8a09-62d181eeebfc_photo.jpeg,,,"https://app.getmaintainx.com/api/s3/uploads/9ec5b5b8-3c5b-4ff6-8a09-62d181eeebfc_photo.jpeg,https://app.getmaintainx.com/api/s3/uploads/635001fd-56b3-4226-9ef8-00ee5986c4a3_photo.jpeg",1XN03167,Mitsubishi,Pva-a24aa7
Dry Room #3 HVAC #2,9662272,Online,,,General,,,,https://app.getmaintainx.com/assets/9662272?organizationId=342508,,,2024,,,Daniel Crawford,2025-03-25 15:19:31,2025-03-25 15:19:31,https://app.getmaintainx.com/api/s3/uploads/46e40795-44fb-4330-8052-e0b2153b592d_camera.jpg,,,"https://app.getmaintainx.com/api/s3/uploads/46e40795-44fb-4330-8052-e0b2153b592d_camera.jpg,https://app.getmaintainx.com/api/s3/uploads/c83ae407-edf1-418d-911a-a0b2f52a19a9_photo.jpeg",1yn03242,Mitsubishi,Pva-a24aa7
Dry Room #2 HVAC #1,9662285,Online,,,General,,,,https://app.getmaintainx.com/assets/9662285?organizationId=342508,,,,,,Daniel Crawford,2025-03-25 15:23:04,2025-03-25 15:23:04,https://app.getmaintainx.com/api/s3/uploads/0e560320-47ff-4651-9190-b49af999fe56_photo.jpeg,,,"https://app.getmaintainx.com/api/s3/uploads/0e560320-47ff-4651-9190-b49af999fe56_photo.jpeg,https://app.getmaintainx.com/api/s3/uploads/109a4463-5129-4df1-b098-abb0c1afb673_photo2.jpeg",1yn03346,Mitsubishi,Pva-a24aa7
Dry Room #1 HVAC #1,9662290,Online,,,General,,,,https://app.getmaintainx.com/assets/9662290?organizationId=342508,,,,,,Daniel Crawford,2025-03-25 15:24:31,2025-03-25 15:24:31,https://app.getmaintainx.com/api/s3/uploads/d2f3c477-2fec-4864-9c9f-d034367ecc7d_photo.jpeg,,,"https://app.getmaintainx.com/api/s3/uploads/d2f3c477-2fec-4864-9c9f-d034367ecc7d_photo.jpeg,https://app.getmaintainx.com/api/s3/uploads/0211a9f6-523c-4d76-9bd0-2039a0eda15f_photo2.jpeg",1yn03303,Mitsubishi,Pva-a24aa7
Dry Room #2 HVAC #2,9662323,Online,,,General,,,,https://app.getmaintainx.com/assets/9662323?organizationId=342508,,,,,,Daniel Crawford,2025-03-25 15:27:21,2025-03-25 15:27:21,https://app.getmaintainx.com/api/s3/uploads/3651594c-3a46-4197-a0a3-34a26a9d6f33_photo.jpeg,,,"https://app.getmaintainx.com/api/s3/uploads/3651594c-3a46-4197-a0a3-34a26a9d6f33_photo.jpeg,https://app.getmaintainx.com/api/s3/uploads/b427b6e7-f556-46e0-9570-ccbf3db6ee92_photo2.jpeg",1yn03346,Mitsubishi,Pva-a24aa7
Dry Room #1 HVAC #2,9662334,Online,,,General,,,,https://app.getmaintainx.com/assets/9662334?organizationId=342508,,,,,,Daniel Crawford,2025-03-25 15:30:03,2025-03-25 15:30:03,https://app.getmaintainx.com/api/s3/uploads/b46c487f-6421-4547-a43b-e554fc259af6_photo.jpeg,,,"https://app.getmaintainx.com/api/s3/uploads/b46c487f-6421-4547-a43b-e554fc259af6_photo.jpeg,https://app.getmaintainx.com/api/s3/uploads/0643d953-a12b-46c0-9ebd-bea076a2098a_photo.jpeg",1yn03303,Mitsubishi,Pva-a24aa7
Harnois Exhaust Fan #1,9691611,Online,Harnois Greenhouse,Harnois Greenhouse,Cultivation,,,,https://app.getmaintainx.com/assets/9691611?organizationId=342508,,,,,,Daniel Crawford,2025-03-26 07:31:44,2025-03-26 07:31:44,https://app.getmaintainx.com/api/s3/uploads/2cff5a18-f898-4bb1-8a98-980a6f04bdd1_photo.jpeg,,,"https://app.getmaintainx.com/api/s3/uploads/2cff5a18-f898-4bb1-8a98-980a6f04bdd1_photo.jpeg,https://app.getmaintainx.com/api/s3/uploads/446082c7-c770-4559-8018-79bb0b118fbb_photo.jpeg,https://app.getmaintainx.com/api/s3/uploads/2ad85c99-2564-457e-92d1-644789a82ce6_photo2.jpeg",,,
Harnois Exhaust Fan #2,9691613,Online,Harnois Greenhouse,Harnois Greenhouse,Cultivation,,,,https://app.getmaintainx.com/assets/9691613?organizationId=342508,,,,,,Daniel Crawford,2025-03-26 07:31:59,2025-03-26 07:31:59,https://app.getmaintainx.com/api/s3/uploads/2ad85c99-2564-457e-92d1-644789a82ce6_photo2.jpeg,,,"https://app.getmaintainx.com/api/s3/uploads/2ad85c99-2564-457e-92d1-644789a82ce6_photo2.jpeg,https://app.getmaintainx.com/api/s3/uploads/70e95bee-0b7f-4554-9dc4-afb842655cbe_photo.jpeg",,,
Harnois Exhaust Fan #3,9691615,Online,Harnois Greenhouse,Harnois Greenhouse,Cultivation,,,,https://app.getmaintainx.com/assets/9691615?organizationId=342508,,,,,,Daniel Crawford,2025-03-26 07:32:50,2025-03-26 07:32:50,https://app.getmaintainx.com/api/s3/uploads/2ad85c99-2564-457e-92d1-644789a82ce6_photo2.jpeg,,,"https://app.getmaintainx.com/api/s3/uploads/2ad85c99-2564-457e-92d1-644789a82ce6_photo2.jpeg,https://app.getmaintainx.com/api/s3/uploads/b86f69dd-00a0-4b54-9103-8cbbf995fb09_photo.jpeg,https://app.getmaintainx.com/api/s3/uploads/ce8ceae4-0a7b-4165-a7b0-8339b1ec8b1f_photo2.jpeg",,,
Intake Louver #1,9693269,Online,Harnois Greenhouse,Harnois Greenhouse,Cultivation,,,,https://app.getmaintainx.com/assets/9693269?organizationId=342508,,,,,,Daniel Crawford,2025-03-26 07:56:08,2025-03-26 07:56:08,https://app.getmaintainx.com/api/s3/uploads/8df79ddb-3ac1-41c3-8703-bdfe5032abdc_photo.jpeg,,,https://app.getmaintainx.com/api/s3/uploads/8df79ddb-3ac1-41c3-8703-bdfe5032abdc_photo.jpeg,,,
Intake Louver #2,9693271,Online,Harnois Greenhouse,Harnois Greenhouse,Cultivation,,,,https://app.getmaintainx.com/assets/9693271?organizationId=342508,,,,,,Daniel Crawford,2025-03-26 07:56:21,2025-03-26 07:56:21,https://app.getmaintainx.com/api/s3/uploads/209583d8-12be-4768-a827-0a9f89ff26a2_photo.jpeg,,,https://app.getmaintainx.com/api/s3/uploads/209583d8-12be-4768-a827-0a9f89ff26a2_photo.jpeg,,,
Intake Louver #3,9693274,Online,Harnois Greenhouse,Harnois Greenhouse,Cultivation,,,,https://app.getmaintainx.com/assets/9693274?organizationId=342508,,,,,,Daniel Crawford,2025-03-26 07:57:04,2025-03-26 07:57:04,https://app.getmaintainx.com/api/s3/uploads/399256cc-fa42-4633-becc-a4a19fad500c_photo.jpeg,,,https://app.getmaintainx.com/api/s3/uploads/399256cc-fa42-4633-becc-a4a19fad500c_photo.jpeg,,,
Kobalt air compressor ID#50,9775170,Online,,,General,,,,https://app.getmaintainx.com/assets/9775170?organizationId=342508,,,,,,Daniel Crawford,2025-04-02 13:23:23,2025-04-02 13:23:23,https://app.getmaintainx.com/api/s3/uploads/b67ad08c-ab4c-4d21-aaf1-7a976af24e37_photo.jpeg,,,https://app.getmaintainx.com/api/s3/uploads/b67ad08c-ab4c-4d21-aaf1-7a976af24e37_photo.jpeg,,,
Pallet Jack ID#4,9775173,Online,,,General,,,,https://app.getmaintainx.com/assets/9775173?organizationId=342508,,,,,,Daniel Crawford,2025-04-02 13:24:02,2025-04-02 13:24:02,https://app.getmaintainx.com/api/s3/uploads/54cf4e89-6a56-4836-85b4-4f84cbdc7b30_photo.jpeg,,,https://app.getmaintainx.com/api/s3/uploads/54cf4e89-6a56-4836-85b4-4f84cbdc7b30_photo.jpeg,,,
High Tech Shredder ID#8,9775218,Online,,,General,,,,https://app.getmaintainx.com/assets/9775218?organizationId=342508,,,,,,Daniel Crawford,2025-04-02 13:33:36,2025-04-02 13:33:36,https://app.getmaintainx.com/api/s3/uploads/7d43b4fa-4946-4336-b914-323ea6b8326c_photo.jpeg,,,https://app.getmaintainx.com/api/s3/uploads/7d43b4fa-4946-4336-b914-323ea6b8326c_photo.jpeg,,,
Sensi Shredder ID#9,9775224,Online,,,General,,,,https://app.getmaintainx.com/assets/9775224?organizationId=342508,,,,,,Daniel Crawford,2025-04-02 13:34:59,2025-04-02 13:34:59,https://app.getmaintainx.com/api/s3/uploads/63472289-d3d9-4be6-bf3d-e6d016c7ddce_photo.jpeg,,,https://app.getmaintainx.com/api/s3/uploads/63472289-d3d9-4be6-bf3d-e6d016c7ddce_photo.jpeg,,,
Kitchenaid mixer ID#10,9775233,Online,,,General,,,,https://app.getmaintainx.com/assets/9775233?organizationId=342508,,,,,,Daniel Crawford,2025-04-02 13:35:52,2025-04-02 13:35:52,https://app.getmaintainx.com/api/s3/uploads/2ccd05e1-8709-427f-bd95-c3f4e1080ff6_photo.jpeg,,,https://app.getmaintainx.com/api/s3/uploads/2ccd05e1-8709-427f-bd95-c3f4e1080ff6_photo.jpeg,,,
Cannatrol ID#11,9776557,Online,,,General,,,,https://app.getmaintainx.com/assets/9776557?organizationId=342508,,,,,,Daniel Crawford,2025-04-02 13:37:58,2025-04-02 13:37:58,https://app.getmaintainx.com/api/s3/uploads/681b6028-e6f3-41b8-b2fa-66c6a3e33cdc_photo.jpeg,,,"https://app.getmaintainx.com/api/s3/uploads/681b6028-e6f3-41b8-b2fa-66c6a3e33cdc_photo.jpeg,https://app.getmaintainx.com/api/s3/uploads/c6b86965-3280-4850-99e5-8ae07b44df7b_photo.jpeg",,Hudson Cannabis,CW-70H
Rollpros Drawcheck ID#12,9776573,Online,,,General,,,,https://app.getmaintainx.com/assets/9776573?organizationId=342508,,,,,,Daniel Crawford,2025-04-02 13:39:54,2025-04-02 13:39:54,https://app.getmaintainx.com/api/s3/uploads/b0f70744-910f-49de-ac42-51f57360b093_photo.jpeg,,,https://app.getmaintainx.com/api/s3/uploads/b0f70744-910f-49de-ac42-51f57360b093_photo.jpeg,,,
Rollpros Drawcheck ID#13,9776575,Online,,,General,,,,https://app.getmaintainx.com/assets/9776575?organizationId=342508,,,,,,Daniel Crawford,2025-04-02 13:40:07,2025-04-02 13:40:49,https://app.getmaintainx.com/api/s3/uploads/b0f70744-910f-49de-ac42-51f57360b093_photo.jpeg,,,https://app.getmaintainx.com/api/s3/uploads/b0f70744-910f-49de-ac42-51f57360b093_photo.jpeg,,,
Rollpros Drawcheck ID#14,9776577,Online,,,General,,,,https://app.getmaintainx.com/assets/9776577?organizationId=342508,,,,,,Daniel Crawford,2025-04-02 13:40:23,2025-04-02 13:40:33,https://app.getmaintainx.com/api/s3/uploads/b0f70744-910f-49de-ac42-51f57360b093_photo.jpeg,,,https://app.getmaintainx.com/api/s3/uploads/b0f70744-910f-49de-ac42-51f57360b093_photo.jpeg,,,
Vevor conveyor heat sealer ID#15,9776594,Online,,,General,,,,https://app.getmaintainx.com/assets/9776594?organizationId=342508,,,,,,Daniel Crawford,2025-04-02 13:42:31,2025-04-02 13:42:31,https://app.getmaintainx.com/api/s3/uploads/71dbe590-edcc-40f2-9dba-ee18e554d117_photo.jpeg,,,https://app.getmaintainx.com/api/s3/uploads/71dbe590-edcc-40f2-9dba-ee18e554d117_photo.jpeg,,,
Vevor conveyor heat sealer ID#16,9776775,Online,,,General,,,,https://app.getmaintainx.com/assets/9776775?organizationId=342508,,,,,,Daniel Crawford,2025-04-02 13:42:46,2025-04-02 13:43:14,https://app.getmaintainx.com/api/s3/uploads/71dbe590-edcc-40f2-9dba-ee18e554d117_photo.jpeg,,,https://app.getmaintainx.com/api/s3/uploads/71dbe590-edcc-40f2-9dba-ee18e554d117_photo.jpeg,,,
Vevor conveyor heat sealer ID#17,9776788,Online,,,General,,,,https://app.getmaintainx.com/assets/9776788?organizationId=342508,,,,,,Daniel Crawford,2025-04-02 13:44:38,2025-04-02 13:44:50,https://app.getmaintainx.com/api/s3/uploads/71dbe590-edcc-40f2-9dba-ee18e554d117_photo.jpeg,,,https://app.getmaintainx.com/api/s3/uploads/71dbe590-edcc-40f2-9dba-ee18e554d117_photo.jpeg,,,
Vevor conveyor heat sealer ID#18,9776790,Online,,,General,,,,https://app.getmaintainx.com/assets/9776790?organizationId=342508,,,,,,Daniel Crawford,2025-04-02 13:44:55,2025-04-02 13:45:09,https://app.getmaintainx.com/api/s3/uploads/71dbe590-edcc-40f2-9dba-ee18e554d117_photo.jpeg,,,https://app.getmaintainx.com/api/s3/uploads/71dbe590-edcc-40f2-9dba-ee18e554d117_photo.jpeg,,,
Vevor conveyor heat sealer ID#19,9776792,Online,,,General,,,,https://app.getmaintainx.com/assets/9776792?organizationId=342508,,,,,,Daniel Crawford,2025-04-02 13:45:14,2025-04-02 13:45:27,https://app.getmaintainx.com/api/s3/uploads/71dbe590-edcc-40f2-9dba-ee18e554d117_photo.jpeg,,,https://app.getmaintainx.com/api/s3/uploads/71dbe590-edcc-40f2-9dba-ee18e554d117_photo.jpeg,,,
Dupre Solutions label machine ID#20,9776802,Online,,,General,,,,https://app.getmaintainx.com/assets/9776802?organizationId=342508,,,,,,Daniel Crawford,2025-04-02 13:48:04,2025-04-02 13:48:04,https://app.getmaintainx.com/api/s3/uploads/224e79c6-c25f-4a16-8850-c8751cc6e117_photo.jpeg,,,https://app.getmaintainx.com/api/s3/uploads/224e79c6-c25f-4a16-8850-c8751cc6e117_photo.jpeg,,,
Breezy blue #21,9776812,Online,,,General,,,,https://app.getmaintainx.com/assets/9776812?organizationId=342508,,,,,,Daniel Crawford,2025-04-02 13:49:44,2025-04-02 13:49:44,https://app.getmaintainx.com/api/s3/uploads/795c1001-d835-4bb8-89d6-2b880848ebee_photo.jpeg,,,https://app.getmaintainx.com/api/s3/uploads/795c1001-d835-4bb8-89d6-2b880848ebee_photo.jpeg,,,
Mini fridge ID#22,9776890,Online,,,General,,,,https://app.getmaintainx.com/assets/9776890?organizationId=342508,,,,,,Daniel Crawford,2025-04-02 14:03:12,2025-04-02 14:03:12,https://app.getmaintainx.com/api/s3/uploads/c02c25cc-d527-4adc-a23d-1805f1d9de8a_photo.jpeg,,,https://app.getmaintainx.com/api/s3/uploads/c02c25cc-d527-4adc-a23d-1805f1d9de8a_photo.jpeg,,,
Chest Freezer ID#23,9776896,Online,,,General,,,,https://app.getmaintainx.com/assets/9776896?organizationId=342508,,,,,,Daniel Crawford,2025-04-02 14:03:53,2025-04-02 14:03:53,https://app.getmaintainx.com/api/s3/uploads/5cde3203-8dbf-4f10-af1c-f747cc74278b_photo.jpeg,,,https://app.getmaintainx.com/api/s3/uploads/5cde3203-8dbf-4f10-af1c-f747cc74278b_photo.jpeg,,,
Epson C6000 Printer ID#24,9776920,Online,,,General,,,,https://app.getmaintainx.com/assets/9776920?organizationId=342508,,,,,,Daniel Crawford,2025-04-02 14:06:44,2025-04-02 14:06:44,https://app.getmaintainx.com/api/s3/uploads/5396f0e2-cb04-41f5-bb32-7486e7461011_photo.jpeg,,,https://app.getmaintainx.com/api/s3/uploads/5396f0e2-cb04-41f5-bb32-7486e7461011_photo.jpeg,,,
Epson C6000 Printer ID#25,9776921,Online,,,General,,,,https://app.getmaintainx.com/assets/9776921?organizationId=342508,,,,,,Daniel Crawford,2025-04-02 14:06:51,2025-04-02 14:07:04,https://app.getmaintainx.com/api/s3/uploads/5396f0e2-cb04-41f5-bb32-7486e7461011_photo.jpeg,,,https://app.getmaintainx.com/api/s3/uploads/5396f0e2-cb04-41f5-bb32-7486e7461011_photo.jpeg,,,
Epson C6000 Printer ID#26,9776927,Online,,,General,,,,https://app.getmaintainx.com/assets/9776927?organizationId=342508,,,,,,Daniel Crawford,2025-04-02 14:07:38,2025-04-02 14:07:58,https://app.getmaintainx.com/api/s3/uploads/5396f0e2-cb04-41f5-bb32-7486e7461011_photo.jpeg,,,https://app.getmaintainx.com/api/s3/uploads/5396f0e2-cb04-41f5-bb32-7486e7461011_photo.jpeg,,,
